序号,会议名,年份,论文列表网址,备注,格式化程度
4,AAAI,2018,https://aaai.org/Conferences/AAAI-18/wp-content/uploads/2017/12/AAAI-18-Accepted-Paper-List.Web_.pdf,0,
3,AAAI,2019,https://aaai.org/Conferences/AAAI-19/wp-content/uploads/2018/11/AAAI-19_Accepted_Papers.pdf,0,
2,AAAI,2020,https://aaai.org/Conferences/AAAI-20/wp-content/uploads/2020/01/AAAI-20-Accepted-Paper-List.pdf,0,
1,AAAI,2021,https://aaai.org/Conferences/AAAI-21/wp-content/uploads/2020/12/AAAI-21_Accepted-Paper-List.Main_.Technical.Track_.pdf,0,
8,CVPR,2018,https://cvpr2018.thecvf.com/program/,Main conference 无法访问,
7,CVPR,2019,https://cvpr2019.thecvf.com/program/main_conference#program_schedule,0,
6,CVPR,2020,http://cvpr2020.thecvf.com/program/main-conference,0,
5,CVPR,2021,http://cvpr2021.thecvf.com/node/168,分成12个部分,
12,ECCV,2018,https://openaccess.thecvf.com/ECCV2018,https://www.ecva.net/papers.php,
10,ECCV,2020,https://www.ecva.net/papers.php, 含有2020和2018两年的论文,
15,ICCV,2019,https://openaccess.thecvf.com/ICCV2019,0,
13,ICCV,2021,Not published,0,
20,ICLR,2018,https://openreview.net/group?id=ICLR.cc/2018/Conference,0,
19,ICLR,2019,https://openreview.net/group?id=ICLR.cc/2019/Conference,0,
18,ICLR,2020,https://openreview.net/group?id=ICLR.cc/2020/Conference,0,
17,ICLR,2021,https://openreview.net/group?id=ICLR.cc/2021/Conference,0,
24,ICML,2018,http://proceedings.mlr.press/v80/,0,
23,ICML,2019,http://proceedings.mlr.press/v97/,0,
22,ICML,2020,http://proceedings.mlr.press/v119/,0,
21,ICML,2021,http://proceedings.mlr.press/v139/,0,
28,IJCAI,2018,https://www.ijcai.org/proceedings/2018/,0,
27,IJCAI,2019,https://www.ijcai.org/proceedings/2019/,0,
26,IJCAI,2020,https://www.ijcai.org/proceedings/2020/,0,
25,IJCAI,2021,Not published,0,
32,NIPS,2018,https://proceedings.neurips.cc/paper/2018,0,
31,NIPS,2019,https://proceedings.neurips.cc/paper/2019,0,
30,NIPS,2020,https://proceedings.neurips.cc/paper/2020,0,
29,NIPS,2021,Not published,0,
